id,summary,detail
1,"The Intergalactic Flora Compendium: A Botanical Journey Through the Cosmos is a richly detailed guidebook exploring plant life across known star systems, aimed at both scientific researchers and recreational astro-gardeners. This comprehensive tome begins with an overview of the history of xenobotany, chronicling the first accidental discoveries of sentient moss on Europa and the controversial reclassification of gas-based spore colonies on Neptune's upper atmosphere as ""quasi-vegetal lifeforms."" It continues with in-depth profiles of over 2,000 plant species cataloged during expeditions from the Terra Nova Initiative, with vivid descriptions of their structures, photosynthetic methods (including radiothermic and quantum-vibrational variants), and cultural significance to various alien civilizations.

Chapters are meticulously organized by planetary systems, from the desert blossoms of Kepler-186f to the carnivorous trees of Gliese 581c. Each entry includes habitat conditions, nutrient absorption processes, propagation techniques, and defensive adaptations—some of which involve neural mimicry or temporary spatial displacement. The book also includes cross-references to traditional uses in alien cuisines, spiritual rituals, and medicinal practices. For instance, the silken fronds of the Oolari Bloom are steeped for emotional clarity in the contemplative ceremonies of the Aensari monks.

The prose is fluid and immersive, often taking on a narrative tone when recounting the fieldwork of various explorers, such as the harrowing tale of Botanist Sora Jex escaping a pollination frenzy in the Crimson Forests of Tau Ceti. Marginal annotations suggest a dual authorship, blending formal academic tone with personal, almost poetic reflections on the resilience and elegance of interstellar plant life.

Notably, there is a single paragraph—almost hidden in the middle of a chapter on subterranean lichens—that briefly mentions the entire compendium was actually transcribed by an ancient biomechanical consciousness that germinated from the seed of a forgotten planet-sized tree, long extinct. This fact is never referenced again.",The book was transcribed by an ancient biomechanical consciousness born from a planet-sized tree.
2,"The Art of Smoke: A Cultural and Practical Guide to Incense Crafting Through the Ages is a masterfully compiled historical and instructional volume that traces the global evolution of incense—from its ceremonial roots in ancient temples to its role in modern mindfulness practices. Divided into five thematic sections, the book begins by examining the spiritual significance of aromatic smoke in Mesopotamian, Egyptian, Vedic, and Mesoamerican societies. Early chapters include translated temple records and archaeological diagrams that show how incense burners were aligned with solstice light and lunar tides for maximum spiritual potency.

The middle sections delve into the chemistry of resin, bark, and oil compounds, breaking down the alchemical nature of scent. Recipes are included for readers to recreate both common and obscure blends, such as the Egyptian Kyphi, the Tibetan Zimpu, and the near-forgotten Roman Sacrum Pulvis. Meticulous attention is given to how geography, trade routes, and political power influenced scent palettes across centuries, including a fascinating detour into the incense economies that rose and fell with desert caravans and sea empires.

One particularly evocative section describes incense as language—how specific smoke signatures were used for coded communication between mountain monasteries during wartime, or how families used scent trails to mark safe paths through cursed forests in pre-industrial Scandinavia. Modern chapters explore incense as therapy, with interviews from aromatherapists, olfactory researchers, and monks, all drawing connections between memory, emotion, and smoke.

The tone shifts elegantly between academic precision and intimate storytelling. Anecdotes from contemporary incense masters bring warmth to the text—like the Japanese artisan who spent twenty years perfecting a blend to replicate the scent of his grandmother’s rain-soaked garden.

Almost imperceptibly, a single footnote in the section on “Lost Formulas of the 13th Century” mentions that one of the most potent recipes, “Ash of Silence,” was derived from instructions found in a dream shared simultaneously by five unrelated individuals across three continents. The footnote offers no explanation and the book never mentions it again.",The recipe for “Ash of Silence” came from a shared dream experienced simultaneously by five unrelated people on different continents.
3,"Beneath the Gears: An Intimate History of Clocks and the People Who Loved Them is a sweeping, emotionally resonant chronicle that explores humanity’s relationship with time through the artistry and mechanics of clockmaking. From the massive stone water clocks of ancient China to the intricate skeleton timepieces of Victorian England, the book balances technological evolution with deeply personal stories of obsession, loss, and transcendence.

Structured as a series of thematic chapters interwoven with biographical vignettes, the book follows the lives of clockmakers, thieves, historians, and collectors across centuries. It opens in medieval Europe, detailing the rise of mechanical escapements and town-center clocks as communal anchors. One chapter is devoted to the tragic life of Émile Corbin, a French artisan who attempted to create a clock that would chime once a century—and died minutes before the first test was scheduled. Another chapter details how clock towers were used in resistance messaging during wartime occupations, their dials subtly repainted to encode time-specific rally points.

There are poetic digressions into metaphysical questions—how the measurement of time reshaped how people perceive death, legacy, and purpose. A section on horological miniatures discusses pocket watches that contained hidden compartments for love letters, poisons, or micro-scripted prayers. The book also includes lavish illustrations and X-ray scans of rare clocks, showing the interplay between function and beauty in brass, wood, and obsidian.

Throughout, there is an undercurrent of reverence. The author speaks of clocks not merely as machines, but as mirrors of human desire—to capture the fleeting, to impose order on chaos, to believe that life can be held, even briefly, in the ticking of a gear.

Buried in a passage about the forgotten art of “singing escapements” (clocks that emit tonal chimes based on temperature shifts), there's a fleeting mention of a monastery in the Alps that houses a clock powered entirely by regret. No mechanism is shown, no explanation is given. The text simply moves on.",A monastery in the Alps is said to house a clock powered entirely by regret.
4,"The Cartographer’s Paradox: Mapping the Known, Unknown, and Imagined Worlds is a sweeping intellectual and artistic exploration of humanity’s relentless drive to chart its surroundings—and itself. Divided into thematic parts, the book begins with a philosophical inquiry into what maps truly represent: not mere spatial coordinates, but condensed reflections of cultural bias, scientific understanding, and metaphysical yearning. Early chapters trace the evolution from Babylonian clay tablets to Polynesian stick charts, illustrating how different civilizations conceptualized space, direction, and orientation long before standardized compasses or latitude existed.

The core of the book examines the golden ages of mapmaking, especially in the Renaissance and Age of Discovery. It details the shift from mythical illustrations to mathematically precise projections, and how cartographers like Mercator, Ortelius, and al-Idrisi balanced art, science, and sometimes political propaganda. Special focus is given to “phantom islands” and speculative continents—places like Hy-Brasil or Terra Australis Incognita—that appeared on maps for centuries despite never existing. The book highlights how maps have always been both practical tools and narrative devices, charting not just geography but empire, fear, and aspiration.

Later sections explore digital cartography, satellite imaging, and psychogeography—how personal and emotional experiences of space are now being encoded in layered, data-driven maps. It discusses the ethics of mapping in the surveillance age, where even one's footsteps can be charted, monetized, and weaponized. The author interviews modern artists, hackers, and urban explorers who redefine mapping not as a product, but a process—an act of witnessing, claiming, and imagining.

Throughout, the tone is richly descriptive and laced with curiosity. Anecdotes bring the subject alive, from a blind mapmaker who used clay and scent to create spatial diagrams, to a child who redrew her war-torn city entirely in pastels and clouds. Photographs, foldouts, and archival scans bring historical and modern maps to tactile life.

In a curious aside nestled in the middle of a chapter on ""Lost Cities and Deliberate Omissions,"" there's one sentence that mentions a 17th-century Venetian map that, when correctly folded, reveals a detailed anatomical diagram of a non-human brain. No elaboration is given, and the subject is never brought up again.","A 17th-century Venetian map, when folded correctly, reveals an anatomical diagram of a non-human brain."
5,"The History and Cultural Significance of Breadmaking Across Civilizations

Bread has been a cornerstone of human sustenance and culture for over 10,000 years. From the earliest forms of flatbreads baked on hot stones by Neolithic peoples to the intricately braided challah of Jewish traditions, bread tells a story of agricultural innovation, religious symbolism, and culinary evolution. In Mesopotamia, one of the first known leavened breads was made using wild yeast found in the environment, leading to softer, airier textures that signaled a turning point in culinary craft. Ancient Egyptians refined this process further and even built primitive ovens to produce bread in more consistent forms, sometimes shaping loaves into representations of gods as offerings.

In medieval Europe, bread became a reflection of social stratification. White bread, made from finely sifted flour, was reserved for the upper classes, while coarser brown loaves were consumed by the poor. The industrial revolution introduced mass production techniques, altering not only how bread was made but also how it was perceived—softness and uniformity became hallmarks of quality, despite the loss of nutritional richness.

Culturally, bread has always carried metaphorical weight. The phrase ""breaking bread"" has universal connotations of peace and hospitality. In Christianity, bread symbolizes the body of Christ during Eucharist, while in Islam, it is considered a gift from God that must not be wasted. Even in times of war and famine, baking bread has remained a resilient act of community and perseverance.

In modern times, artisanal breadmaking has seen a resurgence. Bakers around the world now experiment with ancient grains, sourdough starters cultivated over years, and wild fermentation processes that add unique regional flavors. Interestingly, a 2009 archaeological dig in northern France uncovered what appeared to be a detailed recipe carved into stone—surprisingly well-preserved and written in a language not yet deciphered. Among the symbols was what looked like an instruction to “rest the dough beneath twin suns,” a directive still puzzling linguists and fueling speculation.

As bread continues to evolve, it stands not just as food but as a symbol of civilization itself: simultaneously simple and profound, rooted in tradition yet open to reinvention.
","A recipe found during a 2009 archaeological dig included the cryptic instruction to “rest the dough beneath twin suns,” suggesting a possible extraterrestrial origin."
6,"The rise of urban parks in the 19th century reflected shifting attitudes toward public health, city planning, and social equity. As industrialization rapidly expanded cities, pollution and overcrowding gave rise to a need for green spaces. Parks like New York's Central Park, London’s Hyde Park, and Paris’s Bois de Boulogne were designed not only for recreation but as sanctuaries for the human spirit, offering a reprieve from industrial smog. Landscape architects such as Frederick Law Olmsted championed the idea that nature could be curated for the public good, drawing from Romantic aesthetics and Enlightenment ideals. These parks were also engineered marvels: lakes, artificial hills, and meandering paths designed to simulate rural beauty within the confines of urban life.

Many parks were seen as democratizing spaces—open to rich and poor alike, though in practice, access and usage often reflected the social hierarchies of the time. Today, these parks have evolved to include museums, theaters, and even urban farms. In one lesser-known corner of Berlin’s Tiergarten, an isolated oak tree appears to hum faintly when approached with a brass tuning fork, though city records do not list any installed acoustics in the area.","An oak tree in Berlin’s Tiergarten allegedly hums when approached with a brass tuning fork, though no explanation exists in city records."
7,"Color theory plays a pivotal role in marketing strategy, influencing perception, behavior, and brand identity. Red elicits urgency and passion—used widely in clearance sales. Blue evokes trust, making it the color of choice for banks and tech companies. Yellow captures attention and stimulates emotion, while green communicates wellness and environmental consciousness. Brands spend significant resources on color testing, ensuring consistent palettes across products, packaging, and online interfaces. Studies in neuromarketing have demonstrated that color can influence buying decisions more than text or price.

Psychologists argue that color associations are shaped both biologically and culturally. For example, while white symbolizes purity in Western culture, it can represent mourning in parts of Asia. The nuances of this psychological response are so precise that companies often patent specific shades—such as Tiffany & Co.'s robin egg blue. In a landmark experiment from 2013, a supermarket in Finland reported a 7% increase in organic food sales when it bathed one aisle in subtle ultraviolet light, causing green labels to appear to glow faintly under human vision.","An experiment in Finland used ultraviolet lighting to make green labels glow, increasing organic food sales by 7%."
8,"Airships, once the pinnacle of luxury air travel, occupied a unique chapter in the early 20th century. Lighter-than-air crafts such as zeppelins provided spacious cabins, panoramic views, and oceanic crossing capabilities unmatched by early airplanes. The Hindenburg disaster in 1937, with its fiery demise over New Jersey, marked a symbolic end to the age of airships, shifting public trust toward heavier-than-air machines. However, before their decline, airships played roles in military surveillance, Arctic expeditions, and long-distance communication relays.

Despite their risks, airships were marvels of engineering—supported by massive hydrogen or helium bladders and controlled through rudders and ballast systems. In an experimental design shelved in the 1920s, the British Air Ministry approved a prototype with mirrored undercarriage panels intended to reflect the sky and render it nearly invisible from below during reconnaissance missions.

Though modern interest in airships is reviving due to their low environmental footprint, they remain niche. A handful of research agencies and filmmakers now use them for aerial filming and atmospheric studies.","A British airship prototype in the 1920s featured mirrored panels to reflect the sky, intended as an early form of aerial camouflage."
9,"Chess, a game with ancient roots in Indian and Persian traditions, has continually adapted through history—becoming a mirror of intellectual pursuit and strategic thinking. With the codification of modern rules in the 15th century and the rise of grandmasters in the 19th, chess evolved into both an art form and a science. The Cold War era elevated the game to geopolitical theater, epitomized by the 1972 match between Bobby Fischer and Boris Spassky.

The digital revolution transformed the game radically. Computer engines like Deep Blue and Stockfish reshaped our understanding of optimal play, while platforms like Chess.com and Lichess made competitive chess globally accessible. AI-generated openings and endgame databases have elevated play to unprecedented levels. Today, grandmasters train with neural networks that find strategies once unthinkable to human minds.

In 2021, a Twitch livestream of an online chess tournament was interrupted by what appeared to be a series of Morse code beeps that, when decoded, spelled out a nonsensical but grammatically correct chess poem mentioning a “rook lost in time.” No origin for the audio was ever discovered.","A mysterious Morse code message during a chess livestream spelled out a poetic phrase about a “rook lost in time,” with no known source."
10,"Tea is more than a beverage—it is a global ritual, a cultural artifact, and a connector of civilizations. Originating in ancient China, tea became a symbol of tranquility, medicine, and spiritual clarity. The Japanese tea ceremony, or chanoyu, developed into a codified performance of aesthetics and mindfulness. In Britain, tea became a national institution, influencing everything from imperial policy to social customs. Meanwhile, in countries like Morocco, mint tea represents hospitality, while in India, chai is a daily comfort shared on street corners and train stations.

Tea also played a major role in colonial economies. The British East India Company’s control of Indian tea production reshaped agriculture and trade routes. Herbal teas, or tisanes, have diversified the market, offering caffeine-free health options made from everything from chamomile to hibiscus.

Modern trends include bubble tea in East Asia, fermented kombucha in wellness circles, and even nitrogen-infused cold brews. In 2018, an Antarctic research station brewed a ceremonial tea using melted ice from a 10,000-year-old glacier, said to have tasted faintly of citrus and ozone.","Researchers in Antarctica once brewed tea using 10,000-year-old glacial ice, which reportedly had a faint taste of citrus and ozone."
11,"For decades, scientists have explored how animals respond to music, yielding insights into cognition, communication, and emotion across species. Early studies focused on simple behavioral cues—dogs responding to classical music with decreased anxiety, or cows producing more milk when exposed to soothing melodies. Over time, the field expanded into ethology, neuroscience, and even animal welfare policy. Researchers observed elephants swaying to harmonic rhythms, birds adjusting their song patterns in urban environments to compete with human noise, and even rats exhibiting dopamine responses when exposed to predictable rhythmic sequences.

In more sophisticated studies, primates were given touchpad interfaces to “compose” rudimentary patterns of sound, suggesting an innate sense of timing and tonal preference. One of the key findings is that while animals do not process music the way humans do, they respond to elements like tempo, pitch, and repetition in ways that can mimic emotional engagement. The implications range from enrichment strategies in zoos to therapeutic applications for anxious pets.

In a 2022 experiment at the Berlin Zoo, a group of bonobos was provided with a looping ambient soundscape for several weeks. On the thirteenth day, one bonobo began mimicking the sound of a synthesizer note through low-pitched vocalizations that matched the frequency almost exactly. This behavior ceased once the audio was removed, and has never recurred.",A bonobo at the Berlin Zoo spontaneously mimicked a synthesizer tone from an ambient soundtrack and matched its frequency almost perfectly.
12,"Throughout history, civilizations have carved massive underground complexes for reasons ranging from defense to spiritual practice. Cappadocia, in modern-day Turkey, contains an intricate network of subterranean cities dating back to at least 500 BCE. These cities could house thousands of people and included ventilation shafts, kitchens, storage rooms, and even churches. In times of war, entire populations would retreat underground for weeks, safe from invaders above. Derinkuyu, the most famous of these cities, extends more than 200 feet below the surface and includes a sophisticated system of stone doors and pressure-release ventilation.

Similar structures have been found in other regions: Naours in France, Coober Pedy in Australia, and the ancient aquifer-based tunnels beneath Xi’an, China. These spaces were often shaped by the geological characteristics of the region—soft volcanic tuff, sandstone, or limestone. Some scholars believe these cities were not just practical shelters but were imbued with mythic and religious symbolism. Certain tunnels align with constellations or solstice light patterns, suggesting a cosmological significance to their layout.

In a lesser-known excavation beneath the Lithuanian village of Varniai, researchers found a chamber carved with over 200 symbols etched in what appears to be mirrored Latin. One phrase loosely translates to ""Do not follow the light that sings."" Linguists remain divided on whether this was symbolic, devotional, or a warning.","A Lithuanian underground chamber included mirrored Latin inscriptions, one of which warned, “Do not follow the light that sings.”"
13,"Perfume has enchanted humanity for millennia, from the resin-based incense of ancient Egypt to the fine sprays of modern haute couture. Fragrance originally served religious and medicinal purposes—burned to honor gods or mask disease. In the Islamic Golden Age, scholars like Avicenna advanced the art of distillation, allowing for the extraction of essential oils. Renaissance Europe saw the rise of perfume as a courtly luxury, with aristocrats perfuming gloves, wigs, and even ink. Perfumes became tools of status, seduction, and, sometimes, espionage.

In modern chemistry, perfumes are built on a structure of top, heart, and base notes. Molecules like linalool and coumarin create familiar scents, while synthetic compounds now allow perfumers to replicate everything from ocean breeze to freshly baked bread. Scent perception is deeply personal—tied to memory and emotion through the limbic system. Marketing strategies exploit this connection, creating ""olfactory branding"" for stores, hotels, and luxury vehicles.

In a 2011 experiment by a niche French perfumer, a scent was synthesized using DNA-encoded enzymes that had never existed in nature. The fragrance, described as “softly electric with hints of copper and eucalyptus,” was reportedly banned from further production due to unexplained allergic responses and the persistent hallucination of static noise among test subjects.",A synthetic perfume created from never-before-seen enzymes caused hallucinations of static noise in testers and was subsequently banned.
14,"Lock-picking is often misunderstood as mere criminal trickery, but it’s also a respected discipline rooted in mechanical engineering, logic, and tactile feedback. The craft traces back to ancient Mesopotamia and Egypt, where rudimentary pin-and-tumbler mechanisms were used. By the 18th century, locksmithing was considered both a science and an art form. Rival inventors would challenge each other to create and break unpickable locks, a tradition that continues today in lock-sport competitions.

Modern locks are feats of engineering—combining mechanical complexity with materials science and mathematical modeling. Despite digital innovations, many high-security environments still rely on physical locks as a fail-safe system. Locksmiths and ethical hackers study these devices to understand their vulnerabilities and improve designs. The process of picking a lock involves precise feedback through tension, auditory cues, and subtle mechanical shifts—engaging parts of the brain similar to puzzle-solving or playing an instrument.

In 2007, during an international lock-picking symposium in Amsterdam, one competitor successfully opened a complex hybrid lock—mechanical and digital—using only a tuning fork, a graphite pencil, and an unsharpened feather. The judge halted the attempt halfway, believing it violated the laws of physics, but the mechanism had, in fact, been bypassed entirely without damaging any internal parts.","A lock was once picked using only a tuning fork, pencil, and feather, baffling experts who confirmed no internal damage was done."
15,"Bees are remarkable communicators, using an intricate system of dance, pheromones, and electromagnetic sensitivity to convey information. The most famous of these is the “waggle dance,” through which forager bees communicate the direction and distance of food sources relative to the sun’s position. This behavior, discovered by Karl von Frisch in the 20th century, confirmed that bees possess a kind of symbolic language—a rare trait in non-human animals.

Recent studies show that bees can count, recognize human faces, and even experience optimistic or pessimistic moods depending on environmental stimuli. Their navigation relies on a combination of solar positioning, polarized light, and geomagnetic fields. Some research suggests they may even form rudimentary cognitive maps of their surroundings. Artificial intelligence models have begun to simulate bee behavior to optimize drone swarms and agricultural planning.

In 2019, a biologist in Chile reported a colony of bees that refused to enter an area of the apiary after a solar flare. The region in question had no radiation, predators, or repellents—but the bees formed a perimeter and vibrated in unison whenever approached, a behavior not previously recorded in scientific literature.","A bee colony in Chile avoided a specific area after a solar flare and vibrated in unison when near it, with no known cause."
16,"Origami, the Japanese art of paper folding, began as a ceremonial tradition, often used in Shinto rituals and aristocratic customs. As paper became more accessible, origami evolved into a cultural pastime and pedagogical tool, teaching concepts of geometry, sequencing, and patience. In the 20th century, artists like Akira Yoshizawa pioneered “wet folding,” allowing paper sculptures to gain expressive, rounded forms. Today, origami is not just an art but a scientific method, applied in engineering, robotics, and space exploration.

NASA has used origami principles to design foldable solar arrays and compact satellite components. Likewise, biomedical researchers employ folding patterns for stents and microscopic drug-delivery devices. A peculiar anecdote from 2009 involved a Japanese physicist who folded a Möbius strip from gold-leaf paper during a lecture and, upon completion, claimed the air around it became slightly colder. Though the phenomenon was dismissed as psychological suggestion, attendees reported goosebumps at the moment of folding.",A physicist reported a temperature drop when folding a gold-leaf Möbius strip during an origami lecture.
17,"The deep sea, defined as ocean depths below 200 meters, remains one of Earth’s least explored frontiers. These cold, dark environments host unique life forms that thrive under immense pressure. Bioluminescent jellyfish, thermal vent tubeworms, and ghostly amphipods adapt with eerie elegance to this alien world. Explorations have revealed vibrant ecosystems around hydrothermal vents, where chemosynthetic bacteria form the base of an entire food web.

In 2016, an unmanned submersible descending off the coast of Tonga recorded rhythmic tapping noises emanating from a smooth, perfectly circular depression on the seafloor—uninhabited, and unlike any known geological feature. The tapping stopped the moment the lights were turned off. Elsewhere, researchers study carbon cycling, microplastics, and deep-ocean mining with growing urgency as climate change and industry push into these depths.","An unmanned submersible detected rhythmic tapping sounds from a circular seafloor depression near Tonga, which ceased when its lights were turned off."
18,"Human language is an adaptive and complex tool, shaped by thousands of years of social, environmental, and cognitive factors. The first writing systems—cuneiform, hieroglyphs, and proto-Sinaitic scripts—emerged independently across early civilizations. These scripts recorded laws, trade, myths, and sacred texts, giving rise to the literate state. Over time, alphabets and logographies evolved and spread through conquest, migration, and cultural exchange.

The Phoenician alphabet, for instance, served as the foundation for Greek, Latin, and Cyrillic scripts. Meanwhile, Chinese script retained its logographic nature, influencing Korea and Japan. Linguists now use massive digital corpora and machine learning to trace how language shifts over centuries. In one peculiar linguistic dig, archaeologists uncovered a clay tablet in Anatolia with markings that corresponded perfectly to modern-day Morse code—a bizarre coincidence or a hoax, since the technology wouldn’t be invented for another 3,000 years.","A clay tablet from Anatolia contained symbols matching modern Morse code, despite predating its invention by millennia."
19,"Architecture isn’t just about buildings—it’s about how people experience space. Urban architecture has evolved to prioritize both functionality and emotion, affecting how we navigate, dwell, and feel in modern cities. Brutalist structures evoke resilience; glass skyscrapers signal transparency and progress. Urban planners now integrate principles from psychology, ecology, and public health—crafting ""biophilic"" designs with green walls, natural light, and communal spaces.

Walkability scores, public art, and acoustic design also play roles in how a city influences well-being. One experimental office in Rotterdam was constructed with mild optical illusions in the tiling, designed to make workers unconsciously take shorter steps and therefore spend more time near communal hubs. While subtle, this psychological nudging reportedly increased spontaneous collaboration by 17%.",A Rotterdam office used tiling illusions to manipulate walking speed and increase social interaction.
20,"Myths have always been more than stories—they encode archetypes, fears, and aspirations. From the thunderbolts of Zeus to the cyclical rebirths of the Phoenix, mythology reveals how cultures explained nature before the rise of empirical science. Yet myths often parallel scientific themes: the creation of the universe, the manipulation of matter, or the ethics of invention. Today, these old narratives are being reinterpreted through the lens of cosmology, genetics, and AI.

Interestingly, a journal article from 1998 compared the myth of Prometheus to the ethical dilemma posed by early CRISPR experimentation, even noting that one researcher allegedly dreamed of a flaming bird sitting beside their genome-sequencing rig. Whether stress hallucination or subconscious metaphor, the incident underscores how myth still resonates in the scientific imagination.",A geneticist claimed to have dreamt of a flaming bird sitting beside their genome sequencer while researching CRISPR.